Workbook

Sheet Sheet1
A1: Year | B1: Month | C1: Sex | D1: DueTo_F&P_average_age | E1: DueTo_COVID_average_age | G1: date | H1: category | I1: chiffre | J1: series | L1: chiffre | M1: series
A2: 2022 | B2: 3 | C2: P | D2: 84 | E2: 83 | G2: =DATE(A2,B2,1) -> 44621 | H2: =VLOOKUP(C2,Sheet2!A:B,2,FALSE) -> All | I2: =E2 -> 83 | J2: COVID-19 | L2: =D2 -> 84 | M2: Flu and pnuemonia
A3: 2022 | B3: 3 | C3: M | D3: 83 | E3: 82 | G3: =DATE(A3,B3,1) -> 44621 | H3: =VLOOKUP(C3,Sheet2!A:B,2,FALSE) -> Male | I3: =E3 -> 82 | J3: COVID-19 | L3: =D3 -> 83 | M3: Flu and pnuemonia
A4: 2022 | B4: 3 | C4: F | D4: 85 | E4: 84 | G4: =DATE(A4,B4,1) -> 44621 | H4: =VLOOKUP(C4,Sheet2!A:B,2,FALSE) -> Female | I4: =E4 -> 84 | J4: COVID-19 | L4: =D4 -> 85 | M4: Flu and pnuemonia
A5: 2022 | B5: 2 | C5: P | D5: 84 | E5: 81 | G5: =DATE(A5,B5,1) -> 44593 | H5: =VLOOKUP(C5,Sheet2!A:B,2,FALSE) -> All | I5: =E5 -> 81 | J5: COVID-19 | L5: =D5 -> 84 | M5: Flu and pnuemonia
A6: 2022 | B6: 2 | C6: M | D6: 83 | E6: 80 | G6: =DATE(A6,B6,1) -> 44593 | H6: =VLOOKUP(C6,Sheet2!A:B,2,FALSE) -> Male | I6: =E6 -> 80 | J6: COVID-19 | L6: =D6 -> 83 | M6: Flu and pnuemonia
A7: 2022 | B7: 2 | C7: F | D7: 86 | E7: 82 | G7: =DATE(A7,B7,1) -> 44593 | H7: =VLOOKUP(C7,Sheet2!A:B,2,FALSE) -> Female | I7: =E7 -> 82 | J7: COVID-19 | L7: =D7 -> 86 | M7: Flu and pnuemonia
A8: 2022 | B8: 1 | C8: P | D8: 84 | E8: 79 | G8: =DATE(A8,B8,1) -> 44562 | H8: =VLOOKUP(C8,Sheet2!A:B,2,FALSE) -> All | I8: =E8 -> 79 | J8: COVID-19 | L8: =D8 -> 84 | M8: Flu and pnuemonia
A9: 2022 | B9: 1 | C9: M | D9: 83 | E9: 78 | G9: =DATE(A9,B9,1) -> 44562 | H9: =VLOOKUP(C9,Sheet2!A:B,2,FALSE) -> Male | I9: =E9 -> 78 | J9: COVID-19 | L9: =D9 -> 83 | M9: Flu and pnuemonia
A10: 2022 | B10: 1 | C10: F | D10: 85 | E10: 81 | G10: =DATE(A10,B10,1) -> 44562 | H10: =VLOOKUP(C10,Sheet2!A:B,2,FALSE) -> Female | I10: =E10 -> 81 | J10: COVID-19 | L10: =D10 -> 85 | M10: Flu and pnuemonia
A11: 2021 | B11: 12 | C11: P | D11: 84 | E11: 74 | G11: =DATE(A11,B11,1) -> 44531 | H11: =VLOOKUP(C11,Sheet2!A:B,2,FALSE) -> All | I11: =E11 -> 74 | J11: COVID-19 | L11: =D11 -> 84 | M11: Flu and pnuemonia
A12: 2021 | B12: 12 | C12: M | D12: 82 | E12: 72 | G12: =DATE(A12,B12,1) -> 44531 | H12: =VLOOKUP(C12,Sheet2!A:B,2,FALSE) -> Male | I12: =E12 -> 72 | J12: COVID-19 | L12: =D12 -> 82 | M12: Flu and pnuemonia
A13: 2021 | B13: 12 | C13: F | D13: 87 | E13: 76 | G13: =DATE(A13,B13,1) -> 44531 | H13: =VLOOKUP(C13,Sheet2!A:B,2,FALSE) -> Female | I13: =E13 -> 76 | J13: COVID-19 | L13: =D13 -> 87 | M13: Flu and pnuemonia
... A76: 2020 | B76: 3 | C76: F | D76: 85 | E76: 79 | G76: =DATE(A76,B76,1) -> 43891 | H76: =VLOOKUP(C76,Sheet2!A:B,2,FALSE) -> Female | I76: =E76 -> 79 | J76: COVID-19 | L76: =D76 -> 85 | M76: Flu and pnuemonia

Sheet Sheet2
A1: P | B1: All
A2: M | B2: Male
A3: F | B3: Female
