Workbook

Sheet Due to covid-19
A1: Week | B1: Number of deaths
A2: 2020 11 | B2: 5 | C2: 43903
A3: 2020 12 | B3: 96 | C3: 43910
A4: 2020 13 | B4: 520 | C4: 43917
A5: 2020 14 | B5: 3334 | C5: 43924
A6: 2020 15 | B6: 5989 | C6: 43931
A7: 2020 16 | B7: 8431 | C7: 43938
A8: 2020 17 | B8: 7873 | C8: 43945
A9: 2020 18 | B9: 5687 | C9: 43952
A10: 2020 19 | B10: 3660 | C10: 43959
A11: 2020 20 | B11: 3514 | C11: 43966
A12: 2020 21 | B12: 2342 | C12: 43973
A13: 2020 22 | B13: 1630 | C13: 43980
... A44: 2020 53 | B44: 2752 | C44: 44197

Sheet Involving covid-19
A1: Week | B1: Number of deaths
A2: 2020 11 | B2: 5
A3: 2020 12 | B3: 107
A4: 2020 13 | B4: 553
A5: 2020 14 | B5: 3504
A6: 2020 15 | B6: 6243
A7: 2020 16 | B7: 8802
A8: 2020 17 | B8: 8294
A9: 2020 18 | B9: 6091
A10: 2020 19 | B10: 3964
A11: 2020 20 | B11: 3848
A12: 2020 21 | B12: 2630
A13: 2020 22 | B13: 1847
... A44: 2020 53 | B44: 3154

Sheet Due to F&P
A1: Week | B1: Number of deaths
A2: 2020 11 | B2: 532
A3: 2020 12 | B3: 580
A4: 2020 13 | B4: 571
A5: 2020 14 | B5: 703
A6: 2020 15 | B6: 611
A7: 2020 16 | B7: 541
A8: 2020 17 | B8: 481
A9: 2020 18 | B9: 400
A10: 2020 19 | B10: 278
A11: 2020 20 | B11: 314
A12: 2020 21 | B12: 300
A13: 2020 22 | B13: 251
... A44: 2020 53 | B44: 188

Sheet Involving F&P
A1: Week | B1: Number of deaths
A2: 2020 11 | B2: 1962
A3: 2020 12 | B3: 1941
A4: 2020 13 | B4: 2190
A5: 2020 14 | B5: 3897
A6: 2020 15 | B6: 4417
A7: 2020 16 | B7: 5215
A8: 2020 17 | B8: 4727
A9: 2020 18 | B9: 3619
A10: 2020 19 | B10: 2374
A11: 2020 20 | B11: 2688
A12: 2020 21 | B12: 2063
A13: 2020 22 | B13: 1678
... A44: 2020 53 | B44: 2530

Sheet Due to respiratory
A1: Week | B1: Number of deaths
A2: 2020 11 | B2: 1508
A3: 2020 12 | B3: 1545
A4: 2020 13 | B4: 1537
A5: 2020 14 | B5: 1966
A6: 2020 15 | B6: 1763
A7: 2020 16 | B7: 1788
A8: 2020 17 | B8: 1586
A9: 2020 18 | B9: 1287
A10: 2020 19 | B10: 947
A11: 2020 20 | B11: 1159
A12: 2020 21 | B12: 976
A13: 2020 22 | B13: 808
... A44: 2020 53 | B44: 684

Sheet Involving respiratory
A1: Week | B1: Number of deaths
A2: 2020 11 | B2: 3800
A3: 2020 12 | B3: 3706
A4: 2020 13 | B4: 4024
A5: 2020 14 | B5: 6534
A6: 2020 15 | B6: 7502
A7: 2020 16 | B7: 8689
A8: 2020 17 | B8: 8176
A9: 2020 18 | B9: 6190
A10: 2020 19 | B10: 4205
A11: 2020 20 | B11: 4835
A12: 2020 21 | B12: 3892
A13: 2020 22 | B13: 3136
... A44: 2020 53 | B44: 3831

Sheet Sheet1
B1: COVID-19 | D1: Flu and pneumonia | F1: All respiratory diseases
A2: Week ending | B2: Due to | C2: Involving but not due to | D2: Due to | E2: Involving but not due to | F2: Due to | G2: Involving but not due to
A3: 43903 | B3: 5 | C3: 0 | D3: 532 | E3: 1430 | F3: 1508 | G3: 2292
A4: 43910 | B4: 96 | C4: 11 | D4: 580 | E4: 1361 | F4: 1545 | G4: 2161
A5: 43917 | B5: 520 | C5: 33 | D5: 571 | E5: 1619 | F5: 1537 | G5: 2487
A6: 43924 | B6: 3334 | C6: 170 | D6: 703 | E6: 3194 | F6: 1966 | G6: 4568
A7: 43931 | B7: 5989 | C7: 254 | D7: 611 | E7: 3806 | F7: 1763 | G7: 5739
A8: 43938 | B8: 8431 | C8: 371 | D8: 541 | E8: 4674 | F8: 1788 | G8: 6901
A9: 43945 | B9: 7873 | C9: 421 | D9: 481 | E9: 4246 | F9: 1586 | G9: 6590
A10: 43952 | B10: 5687 | C10: 404 | D10: 400 | E10: 3219 | F10: 1287 | G10: 4903
A11: 43959 | B11: 3660 | C11: 304 | D11: 278 | E11: 2096 | F11: 947 | G11: 3258
A12: 43966 | B12: 3514 | C12: 334 | D12: 314 | E12: 2374 | F12: 1159 | G12: 3676
A13: 43973 | B13: 2342 | C13: 288 | D13: 300 | E13: 1763 | F13: 976 | G13: 2916
A14: 43980 | B14: 1630 | C14: 217 | D14: 251 | E14: 1427 | F14: 808 | G14: 2328
... A110: 44652 | B110: 529 | C110: 324 | D110: 286 | E110: 1134 | F110: 1004 | G110: 1944
B112: =SUM(B3:B110) -> 148606 | C112: =SUM(C3:C110) -> 21994 | D112: =SUM(D3:D110) -> 35007 | E112: =SUM(E3:E110) -> 184200 | F112: =SUM(F3:F110) -> 114581 | G112: =SUM(G3:G110) -> 286610
D114: =B112/D112 -> 4.2450367
D115: =B112-D112 -> 113599

Sheet Sheet2
B1: COVID-19 | D1: Flu and pneumonia | F1: All respiratory diseases
A2: Week ending | B2: Due to | C2: Involving but not due to | D2: Due to | E2: Involving but not due to | F2: Due to | G2: Involving but not due to
A3: 43903 | B3: =Sheet1!B3/SUM(Sheet1!$B3:$C3) -> 1 | C3: =Sheet1!C3/SUM(Sheet1!$B3:$C3) -> 0 | D3: =Sheet1!D3/SUM(Sheet1!$D3:$E3) -> 0.27115189 | E3: =Sheet1!E3/SUM(Sheet1!$D3:$E3) -> 0.72884811 | F3: =Sheet1!F3/SUM(Sheet1!$F3:$G3) -> 0.39684211 | G3: =Sheet1!G3/SUM(Sheet1!$F3:$G3) -> 0.60315789
A4: 43910 | B4: =Sheet1!B4/SUM(Sheet1!$B4:$C4) -> 0.89719626 | C4: =Sheet1!C4/SUM(Sheet1!$B4:$C4) -> 0.10280374 | D4: =Sheet1!D4/SUM(Sheet1!$D4:$E4) -> 0.29881504 | E4: =Sheet1!E4/SUM(Sheet1!$D4:$E4) -> 0.70118496 | F4: =Sheet1!F4/SUM(Sheet1!$F4:$G4) -> 0.41689153 | G4: =Sheet1!G4/SUM(Sheet1!$F4:$G4) -> 0.58310847
A5: 43917 | B5: =Sheet1!B5/SUM(Sheet1!$B5:$C5) -> 0.9403255 | C5: =Sheet1!C5/SUM(Sheet1!$B5:$C5) -> 0.059674503 | D5: =Sheet1!D5/SUM(Sheet1!$D5:$E5) -> 0.26073059 | E5: =Sheet1!E5/SUM(Sheet1!$D5:$E5) -> 0.73926941 | F5: =Sheet1!F5/SUM(Sheet1!$F5:$G5) -> 0.38195825 | G5: =Sheet1!G5/SUM(Sheet1!$F5:$G5) -> 0.61804175
A6: 43924 | B6: =Sheet1!B6/SUM(Sheet1!$B6:$C6) -> 0.95148402 | C6: =Sheet1!C6/SUM(Sheet1!$B6:$C6) -> 0.048515982 | D6: =Sheet1!D6/SUM(Sheet1!$D6:$E6) -> 0.18039518 | E6: =Sheet1!E6/SUM(Sheet1!$D6:$E6) -> 0.81960482 | F6: =Sheet1!F6/SUM(Sheet1!$F6:$G6) -> 0.30088766 | G6: =Sheet1!G6/SUM(Sheet1!$F6:$G6) -> 0.69911234
A7: 43931 | B7: =Sheet1!B7/SUM(Sheet1!$B7:$C7) -> 0.95931443 | C7: =Sheet1!C7/SUM(Sheet1!$B7:$C7) -> 0.040685568 | D7: =Sheet1!D7/SUM(Sheet1!$D7:$E7) -> 0.13832918 | E7: =Sheet1!E7/SUM(Sheet1!$D7:$E7) -> 0.86167082 | F7: =Sheet1!F7/SUM(Sheet1!$F7:$G7) -> 0.235004 | G7: =Sheet1!G7/SUM(Sheet1!$F7:$G7) -> 0.764996
A8: 43938 | B8: =Sheet1!B8/SUM(Sheet1!$B8:$C8) -> 0.95785049 | C8: =Sheet1!C8/SUM(Sheet1!$B8:$C8) -> 0.042149511 | D8: =Sheet1!D8/SUM(Sheet1!$D8:$E8) -> 0.10373921 | E8: =Sheet1!E8/SUM(Sheet1!$D8:$E8) -> 0.89626079 | F8: =Sheet1!F8/SUM(Sheet1!$F8:$G8) -> 0.20577742 | G8: =Sheet1!G8/SUM(Sheet1!$F8:$G8) -> 0.79422258
A9: 43945 | B9: =Sheet1!B9/SUM(Sheet1!$B9:$C9) -> 0.94924041 | C9: =Sheet1!C9/SUM(Sheet1!$B9:$C9) -> 0.050759585 | D9: =Sheet1!D9/SUM(Sheet1!$D9:$E9) -> 0.10175587 | E9: =Sheet1!E9/SUM(Sheet1!$D9:$E9) -> 0.89824413 | F9: =Sheet1!F9/SUM(Sheet1!$F9:$G9) -> 0.19398239 | G9: =Sheet1!G9/SUM(Sheet1!$F9:$G9) -> 0.80601761
A10: 43952 | B10: =Sheet1!B10/SUM(Sheet1!$B10:$C10) -> 0.93367263 | C10: =Sheet1!C10/SUM(Sheet1!$B10:$C10) -> 0.066327368 | D10: =Sheet1!D10/SUM(Sheet1!$D10:$E10) -> 0.11052777 | E10: =Sheet1!E10/SUM(Sheet1!$D10:$E10) -> 0.88947223 | F10: =Sheet1!F10/SUM(Sheet1!$F10:$G10) -> 0.20791599 | G10: =Sheet1!G10/SUM(Sheet1!$F10:$G10) -> 0.79208401
A11: 43959 | B11: =Sheet1!B11/SUM(Sheet1!$B11:$C11) -> 0.92330979 | C11: =Sheet1!C11/SUM(Sheet1!$B11:$C11) -> 0.076690212 | D11: =Sheet1!D11/SUM(Sheet1!$D11:$E11) -> 0.11710194 | E11: =Sheet1!E11/SUM(Sheet1!$D11:$E11) -> 0.88289806 | F11: =Sheet1!F11/SUM(Sheet1!$F11:$G11) -> 0.22520809 | G11: =Sheet1!G11/SUM(Sheet1!$F11:$G11) -> 0.77479191
A12: 43966 | B12: =Sheet1!B12/SUM(Sheet1!$B12:$C12) -> 0.91320166 | C12: =Sheet1!C12/SUM(Sheet1!$B12:$C12) -> 0.086798337 | D12: =Sheet1!D12/SUM(Sheet1!$D12:$E12) -> 0.11681548 | E12: =Sheet1!E12/SUM(Sheet1!$D12:$E12) -> 0.88318452 | F12: =Sheet1!F12/SUM(Sheet1!$F12:$G12) -> 0.23971044 | G12: =Sheet1!G12/SUM(Sheet1!$F12:$G12) -> 0.76028956
A13: 43973 | B13: =Sheet1!B13/SUM(Sheet1!$B13:$C13) -> 0.8904943 | C13: =Sheet1!C13/SUM(Sheet1!$B13:$C13) -> 0.1095057 | D13: =Sheet1!D13/SUM(Sheet1!$D13:$E13) -> 0.14541929 | E13: =Sheet1!E13/SUM(Sheet1!$D13:$E13) -> 0.85458071 | F13: =Sheet1!F13/SUM(Sheet1!$F13:$G13) -> 0.25077081 | G13: =Sheet1!G13/SUM(Sheet1!$F13:$G13) -> 0.74922919
A14: 43980 | B14: =Sheet1!B14/SUM(Sheet1!$B14:$C14) -> 0.88251218 | C14: =Sheet1!C14/SUM(Sheet1!$B14:$C14) -> 0.11748782 | D14: =Sheet1!D14/SUM(Sheet1!$D14:$E14) -> 0.14958284 | E14: =Sheet1!E14/SUM(Sheet1!$D14:$E14) -> 0.85041716 | F14: =Sheet1!F14/SUM(Sheet1!$F14:$G14) -> 0.25765306 | G14: =Sheet1!G14/SUM(Sheet1!$F14:$G14) -> 0.74234694
... A110: 44652 | B110: =Sheet1!B110/SUM(Sheet1!$B110:$C110) -> 0.62016413 | C110: =Sheet1!C110/SUM(Sheet1!$B110:$C110) -> 0.37983587 | D110: =Sheet1!D110/SUM(Sheet1!$D110:$E110) -> 0.20140845 | E110: =Sheet1!E110/SUM(Sheet1!$D110:$E110) -> 0.79859155 | F110: =Sheet1!F110/SUM(Sheet1!$F110:$G110) -> 0.34056988 | G110: =Sheet1!G110/SUM(Sheet1!$F110:$G110) -> 0.65943012
B112: =Sheet1!B112/SUM(Sheet1!$B112:$C112) -> 0.87107855 | C112: =Sheet1!C112/SUM(Sheet1!$B112:$C112) -> 0.12892145 | D112: =Sheet1!D112/SUM(Sheet1!$D112:$E112) -> 0.15969837 | E112: =Sheet1!E112/SUM(Sheet1!$D112:$E112) -> 0.84030163 | F112: =Sheet1!F112/SUM(Sheet1!$F112:$G112) -> 0.28560212 | G112: =Sheet1!G112/SUM(Sheet1!$F112:$G112) -> 0.71439788
